"","series","year","home","visitor","matches","winner","hrating","vrating","drating","result","period","per_60_69","per_70_79","per_80_89","per_90_02","per_02on"
"1",123,1960,"Pak","Aus",3,"Aus",-2.72272801399231,50.0893707275391,-52.8120994567871,"Visitor","1960-69",1,0,0,0,0
"2",124,1960,"Ind","Aus",5,"Aus",-33.3329544067383,53.9549407958984,-87.2878952026367,"Visitor","1960-69",1,0,0,0,0
"3",125,1960,"WI","Eng",5,"Eng",4.06827545166016,17.5531749725342,-13.484899520874,"Visitor","1960-69",1,0,0,0,0
"4",127,1961,"Ind","Pak",5,"Draw",-26.3329544067383,5.82956027984619,-32.1625137329102,"Draw","1960-69",1,0,0,0,0
"5",128,1961,"Aus","WI",5,"Aus",47.5418968200684,6.71497201919556,40.8269271850586,"Home","1960-69",1,0,0,0,0
"6",129,1961,"Eng","Aus",5,"Aus",24.4361915588379,41.1782608032227,-16.7420692443848,"Visitor","1960-69",1,0,0,0,0
"7",130,1962,"Pak","Eng",3,"Eng",-13.3276348114014,24.4520664215088,-37.7797012329102,"Visitor","1960-69",1,0,0,0,0
"8",131,1962,"Ind","Eng",5,"Ind",-13.5626497268677,19.4199371337891,-32.9825859069824,"Home","1960-69",1,0,0,0,0
"9",133,1962,"WI","Ind",5,"WI",14.045708656311,3.00380349159241,11.0419054031372,"Home","1960-69",1,0,0,0,0
"10",134,1962,"Eng","Pak",5,"Eng",7.62686824798584,-5.93899250030518,13.565860748291,"Home","1960-69",1,0,0,0,0
"11",135,1963,"Aus","Eng",5,"Draw",39.4849472045898,12.3762998580933,27.1086463928223,"Draw","1960-69",1,0,0,0,0
"12",137,1963,"Eng","WI",5,"WI",20.0665397644043,34.2356033325195,-14.1690654754639,"Visitor","1960-69",1,0,0,0,0
"13",141,1964,"Eng","Aus",5,"Aus",17.5969066619873,15.0106706619263,2.58623576164246,"Visitor","1960-69",1,0,0,0,0
"14",142,1965,"Ind","Aus",3,"Draw",11.4619731903076,19.8238964080811,-8.36192321777344,"Draw","1960-69",1,0,0,0,0
"15",145,1965,"SA","Eng",5,"Eng",12.4136371612549,8.96662425994873,3.44701290130615,"Visitor","1960-69",1,0,0,0,0
"16",147,1965,"Ind","NZ",4,"Ind",14.60853099823,-5.19936037063599,19.8078918457031,"Home","1960-69",1,0,0,0,0
"17",149,1965,"Pak","NZ",3,"Pak",-6.69091606140137,-5.25272369384766,-1.43819236755371,"Home","1960-69",1,0,0,0,0
"18",150,1965,"Eng","NZ",3,"Eng",12.5160970687866,-12.3323955535889,24.8484916687012,"Home","1960-69",1,0,0,0,0
"19",151,1965,"Eng","SA",3,"SA",15.1636247634888,6.06194877624512,9.10167503356934,"Visitor","1960-69",1,0,0,0,0
"20",152,1966,"Aus","Eng",5,"Draw",6.98363828659058,11.9158458709717,-4.9322075843811,"Draw","1960-69",1,0,0,0,0
"21",153,1966,"NZ","Eng",3,"Draw",-20.0594425201416,15.6616334915161,-35.721076965332,"Draw","1960-69",1,0,0,0,0
"22",155,1967,"Ind","WI",3,"WI",18.1517314910889,35.9369316101074,-17.7851982116699,"Visitor","1960-69",1,0,0,0,0
"23",156,1967,"SA","Aus",5,"SA",13.791576385498,8.17831897735596,5.61325740814209,"Home","1960-69",1,0,0,0,0
"24",157,1967,"Eng","Ind",3,"Eng",-2.36565208435059,11.7320957183838,-14.0977478027344,"Home","1960-69",1,0,0,0,0
"25",159,1968,"Aus","Ind",4,"Aus",3.3316330909729,-4.80925846099854,8.14089202880859,"Home","1960-69",1,0,0,0,0
"26",160,1968,"WI","Eng",5,"Eng",42.4534072875977,18.5852355957031,23.8681735992432,"Visitor","1960-69",1,0,0,0,0
"27",161,1968,"NZ","Ind",4,"Ind",-13.8576231002808,-21.2804183959961,7.42279577255249,"Visitor","1960-69",1,0,0,0,0
"28",162,1968,"Eng","Aus",5,"Draw",26.9717540740967,8.36873245239258,18.6030216217041,"Draw","1960-69",1,0,0,0,0
"29",163,1969,"Aus","WI",5,"Aus",12.6617374420166,27.2528438568115,-14.5911064147949,"Home","1960-69",1,0,0,0,0
"30",166,1969,"Eng","WI",3,"Eng",18.1867523193359,7.59475517272949,10.5919971466064,"Home","1960-69",1,0,0,0,0
"31",167,1969,"Eng","NZ",3,"Eng",21.5502529144287,-17.050163269043,38.6004180908203,"Home","1960-69",1,0,0,0,0
"32",168,1970,"Ind","NZ",3,"Draw",-18.6062431335449,-16.7567195892334,-1.84952306747437,"Draw","1970-79",0,1,0,0,0
"33",170,1970,"Ind","Aus",5,"Aus",-19.3230228424072,32.6747512817383,-51.9977760314941,"Visitor","1970-79",0,1,0,0,0
"34",172,1971,"Aus","Eng",6,"Eng",12.9346046447754,30.1413173675537,-17.2067127227783,"Visitor","1970-79",0,1,0,0,0
"35",173,1971,"WI","Ind",5,"Ind",-6.9885573387146,-11.2853326797485,4.29677534103394,"Visitor","1970-79",0,1,0,0,0
"36",174,1971,"NZ","Eng",2,"Eng",-7.98358631134033,30.2156753540039,-38.1992607116699,"Visitor","1970-79",0,1,0,0,0
"37",176,1971,"Eng","Ind",3,"Ind",28.8518104553223,-5.29577779769897,34.1475868225098,"Visitor","1970-79",0,1,0,0,0
"38",177,1972,"WI","NZ",5,"Draw",-14.8498477935791,-7.14942693710327,-7.70042133331299,"Draw","1970-79",0,1,0,0,0
"39",178,1972,"Eng","Aus",5,"Draw",17.77073097229,9.4046459197998,8.36608505249023,"Draw","1970-79",0,1,0,0,0
"40",179,1973,"Ind","Eng",5,"Ind",15.1328926086426,16.0975131988525,-0.964621305465698,"Home","1970-79",0,1,0,0,0
"41",183,1973,"Pak","Aus",3,"Draw",-15.2721729278564,16.6057300567627,-31.8779029846191,"Draw","1970-79",0,1,0,0,0
"42",184,1973,"Eng","NZ",3,"Eng",9.28235340118408,-11.6766490936279,20.9590015411377,"Home","1970-79",0,1,0,0,0
"43",185,1973,"Eng","WI",3,"WI",11.9289131164551,-12.8682069778442,24.797119140625,"Visitor","1970-79",0,1,0,0,0
"44",186,1974,"Aus","NZ",3,"Aus",12.2087783813477,-15.0696744918823,27.2784519195557,"Home","1970-79",0,1,0,0,0
"45",187,1974,"WI","Eng",5,"Draw",1.63380134105682,2.63600206375122,-1.00220060348511,"Draw","1970-79",0,1,0,0,0
"46",188,1974,"NZ","Aus",3,"Draw",-22.01584815979,18.8750782012939,-40.890926361084,"Draw","1970-79",0,1,0,0,0
"47",189,1974,"Eng","Ind",3,"Eng",2.4480893611908,30.3020935058594,-27.85400390625,"Home","1970-79",0,1,0,0,0
"48",190,1974,"Eng","Pak",3,"Draw",11.0985345840454,-2.51935887336731,13.6178932189941,"Draw","1970-79",0,1,0,0,0
"49",191,1975,"Ind","WI",5,"WI",9.54102611541748,1.90712881088257,7.63389730453491,"Visitor","1970-79",0,1,0,0,0
"50",192,1975,"Aus","Eng",6,"Aus",11.2771921157837,12.3106937408447,-1.03350150585175,"Home","1970-79",0,1,0,0,0
"51",193,1975,"Pak","WI",2,"Draw",2.22064852714539,10.8668222427368,-8.64617347717285,"Draw","1970-79",0,1,0,0,0
"52",194,1975,"NZ","Eng",2,"Eng",-12.0142078399658,5.62570953369141,-17.6399173736572,"Visitor","1970-79",0,1,0,0,0
"53",195,1975,"Eng","Aus",4,"Aus",7.010422706604,19.5665721893311,-12.5561504364014,"Visitor","1970-79",0,1,0,0,0
"54",196,1976,"Aus","WI",6,"Aus",20.8072147369385,9.7390604019165,11.068154335022,"Home","1970-79",0,1,0,0,0
"55",197,1976,"NZ","Ind",3,"Draw",-18.5611190795898,-7.76077318191528,-10.8003454208374,"Draw","1970-79",0,1,0,0,0
"56",198,1976,"WI","Ind",4,"WI",5.54954814910889,-10.6408653259277,16.1904144287109,"Home","1970-79",0,1,0,0,0
"57",199,1976,"Eng","WI",5,"WI",1.63815259933472,6.20637369155884,-4.56822109222412,"Visitor","1970-79",0,1,0,0,0
"58",200,1977,"Pak","NZ",3,"Pak",2.96453475952148,-15.6810264587402,18.6455612182617,"Home","1970-79",0,1,0,0,0
"59",201,1977,"Ind","NZ",3,"Ind",-20.4199409484863,-16.6933727264404,-3.72656798362732,"Home","1970-79",0,1,0,0,0
"60",202,1977,"Ind","Eng",5,"Eng",-11.2584810256958,-1.55754101276398,-9.70094013214111,"Visitor","1970-79",0,1,0,0,0
"61",204,1977,"NZ","Aus",2,"Aus",-26.1165885925293,25.3046531677246,-51.4212417602539,"Visitor","1970-79",0,1,0,0,0
"62",205,1977,"WI","Pak",5,"WI",9.49557399749756,21.8093872070312,-12.3138122558594,"Home","1970-79",0,1,0,0,0
"63",207,1977,"Eng","Aus",5,"Eng",0.908757865428925,25.5687236785889,-24.6599655151367,"Home","1970-79",0,1,0,0,0
"64",208,1978,"Aus","Ind",5,"Aus",14.3442134857178,-15.0832462310791,29.4274597167969,"Home","1970-79",0,1,0,0,0
"65",209,1978,"Pak","Eng",3,"Draw",11.9731826782227,12.7369012832642,-0.763718962669373,"Draw","1970-79",0,1,0,0,0
"66",210,1978,"NZ","Eng",3,"Draw",-33.4658203125,12.6258153915405,-46.0916328430176,"Draw","1970-79",0,1,0,0,0
"67",211,1978,"WI","Aus",5,"WI",19.9460468292236,9.91436004638672,10.0316867828369,"Home","1970-79",0,1,0,0,0
"68",212,1978,"Eng","Pak",3,"Eng",7.54645013809204,12.1298427581787,-4.58339262008667,"Home","1970-79",0,1,0,0,0
"69",213,1978,"Eng","NZ",3,"Eng",12.2882404327393,-24.8171691894531,37.105411529541,"Home","1970-79",0,1,0,0,0
"70",214,1979,"Pak","Ind",3,"Pak",4.96671199798584,-8.83320999145508,13.7999219894409,"Home","1970-79",0,1,0,0,0
"71",215,1979,"Aus","Eng",6,"Eng",4.21777629852295,14.1738109588623,-9.95603466033936,"Visitor","1970-79",0,1,0,0,0
"72",216,1979,"Ind","WI",6,"Ind",-13.0961847305298,22.2806587219238,-35.3768424987793,"Home","1970-79",0,1,0,0,0
"73",217,1979,"NZ","Pak",3,"Pak",-22.8591976165771,6.86540079116821,-29.7245979309082,"Visitor","1970-79",0,1,0,0,0
"74",218,1979,"Aus","Pak",2,"Draw",-1.8943510055542,6.04373168945312,-7.93808269500732,"Draw","1970-79",0,1,0,0,0
"75",219,1979,"Eng","Ind",4,"Eng",19.7217426300049,0.0222267247736454,19.6995162963867,"Home","1970-79",0,1,0,0,0
"76",220,1980,"Ind","Aus",6,"Ind",-0.025469234213233,-1.16160488128662,1.13613569736481,"Home","1980-89",0,0,1,0,0
"77",221,1980,"Ind","Pak",6,"Ind",7.13813591003418,7.6252760887146,-0.487140029668808,"Home","1980-89",0,0,1,0,0
"78",222,1980,"Aus","WI",3,"WI",-11.2201852798462,2.19214963912964,-13.412335395813,"Visitor","1980-89",0,0,1,0,0
"79",223,1980,"Aus","Eng",3,"Aus",-14.0540285110474,26.5518970489502,-40.6059265136719,"Home","1980-89",0,0,1,0,0
"80",224,1980,"NZ","WI",3,"NZ",-25.8503150939941,7.85983562469482,-33.7101516723633,"Home","1980-89",0,0,1,0,0
"81",226,1980,"Pak","Aus",3,"Pak",2.33527660369873,-4.58034372329712,6.91562032699585,"Home","1980-89",0,0,1,0,0
"82",227,1980,"Eng","WI",5,"WI",16.2224807739258,-3.32305002212524,19.5455303192139,"Visitor","1980-89",0,0,1,0,0
"83",229,1981,"Pak","WI",4,"WI",4.52732276916504,4.72410488128662,-0.196782186627388,"Visitor","1980-89",0,0,1,0,0
"84",230,1981,"Aus","NZ",3,"Aus",-4.66431713104248,3.28149890899658,-7.9458155632019,"Home","1980-89",0,0,1,0,0
"85",231,1981,"Aus","Ind",3,"Draw",0.52949059009552,14.047963142395,-13.5184726715088,"Draw","1980-89",0,0,1,0,0
"86",232,1981,"WI","Eng",4,"WI",9.04297733306885,-0.392961919307709,9.43593978881836,"Home","1980-89",0,0,1,0,0
"87",233,1981,"NZ","Ind",3,"NZ",-9.7030200958252,12.2455005645752,-21.9485206604004,"Home","1980-89",0,0,1,0,0
"88",234,1981,"Eng","Aus",6,"Eng",-3.70974588394165,1.91600060462952,-5.62574672698975,"Home","1980-89",0,0,1,0,0
"89",235,1982,"Aus","Pak",3,"Aus",-2.2009608745575,-2.76053094863892,0.559570133686066,"Home","1980-89",0,0,1,0,0
"90",236,1982,"Ind","Eng",6,"Ind",3.42651605606079,3.70898365974426,-0.282467633485794,"Home","1980-89",0,0,1,0,0
"91",237,1982,"Aus","WI",3,"Draw",0.942745804786682,10.94446849823,-10.0017223358154,"Draw","1980-89",0,0,1,0,0
"92",239,1982,"NZ","Aus",3,"Draw",0.814600467681885,1.9955587387085,-1.18095827102661,"Draw","1980-89",0,0,1,0,0
"93",241,1982,"Eng","Ind",3,"Eng",1.96878814697266,6.77003335952759,-4.80124521255493,"Home","1980-89",0,0,1,0,0
"94",242,1982,"Eng","Pak",3,"Eng",5.28003740310669,0.600546956062317,4.67949056625366,"Home","1980-89",0,0,1,0,0
"95",244,1983,"Pak","Aus",3,"Pak",-4.25253200531006,4.1946063041687,-8.44713878631592,"Home","1980-89",0,0,1,0,0
"96",245,1983,"Aus","Eng",5,"Aus",-2.78415656089783,2.61972546577454,-5.40388202667236,"Home","1980-89",0,0,1,0,0
"97",246,1983,"Pak","Ind",6,"Pak",5.48865747451782,5.12715482711792,0.361502766609192,"Home","1980-89",0,0,1,0,0
"98",247,1983,"WI","Ind",5,"WI",11.7895832061768,-1.34725439548492,13.1368370056152,"Home","1980-89",0,0,1,0,0
"99",250,1983,"Eng","NZ",4,"Eng",-1.27507722377777,16.4510974884033,-17.7261753082275,"Home","1980-89",0,0,1,0,0
"100",251,1984,"Ind","Pak",3,"Draw",-3.29736328125,11.8586406707764,-15.1560039520264,"Draw","1980-89",0,0,1,0,0
"101",252,1984,"Ind","WI",6,"WI",-8.90310478210449,21.4721431732178,-30.3752479553223,"Visitor","1980-89",0,0,1,0,0
"102",253,1984,"Aus","Pak",5,"Aus",1.56653523445129,16.2743606567383,-14.7078256607056,"Home","1980-89",0,0,1,0,0
"103",254,1984,"NZ","Eng",3,"NZ",-0.872993052005768,9.86391830444336,-10.7369117736816,"Home","1980-89",0,0,1,0,0
"104",255,1984,"Pak","Eng",3,"Pak",8.19819259643555,4.93468952178955,3.26350331306458,"Home","1980-89",0,0,1,0,0
"105",256,1984,"WI","Aus",5,"WI",20.8408069610596,9.37791061401367,11.4628963470459,"Home","1980-89",0,0,1,0,0
"106",258,1984,"Eng","WI",5,"WI",2.29996252059937,25.8878307342529,-23.5878677368164,"Visitor","1980-89",0,0,1,0,0
"107",260,1985,"Pak","Ind",2,"Draw",10.7935953140259,-8.53711223602295,19.3307075500488,"Draw","1980-89",0,0,1,0,0
"108",261,1985,"Aus","WI",5,"WI",9.15073108673096,32.5245513916016,-23.3738193511963,"Visitor","1980-89",0,0,1,0,0
"109",262,1985,"Pak","NZ",3,"Pak",5.18700313568115,20.7327919006348,-15.5457897186279,"Home","1980-89",0,0,1,0,0
"110",263,1985,"Ind","Eng",5,"Eng",-2.76911616325378,-6.7260308265686,3.95691466331482,"Visitor","1980-89",0,0,1,0,0
"111",264,1985,"NZ","Pak",3,"NZ",8.94483947753906,11.7157154083252,-2.77087616920471,"Home","1980-89",0,0,1,0,0
"112",265,1985,"WI","NZ",4,"WI",32.8497886657715,16.2668170928955,16.5829696655273,"Home","1980-89",0,0,1,0,0
"113",266,1985,"Eng","Aus",6,"Eng",-3.13932108879089,8.81998348236084,-11.959303855896,"Home","1980-89",0,0,1,0,0
"114",267,1986,"SL","Ind",3,"SL",-32.5317039489746,-6.57654666900635,-25.9551582336426,"Home","1980-89",0,0,1,0,0
"115",269,1986,"Aus","NZ",3,"NZ",-2.69911527633667,10.6380929946899,-13.3372087478638,"Visitor","1980-89",0,0,1,0,0
"116",270,1986,"Aus","Ind",3,"Draw",-4.33599853515625,-18.0256233215332,13.689624786377,"Draw","1980-89",0,0,1,0,0
"117",271,1986,"NZ","Aus",3,"NZ",12.5041399002075,-6.02087497711182,18.5250148773193,"Home","1980-89",0,0,1,0,0
"118",272,1986,"WI","Eng",5,"WI",36.6412544250488,6.81922674179077,29.8220272064209,"Home","1980-89",0,0,1,0,0
"119",273,1986,"SL","Pak",3,"Draw",-13.4658422470093,16.4511890411377,-29.9170322418213,"Draw","1980-89",0,0,1,0,0
"120",274,1986,"Eng","Ind",3,"Ind",3.03585696220398,-16.1694030761719,19.2052593231201,"Visitor","1980-89",0,0,1,0,0
"121",275,1986,"Eng","NZ",3,"NZ",-3.26472735404968,13.3972415924072,-16.6619682312012,"Visitor","1980-89",0,0,1,0,0
"122",276,1987,"Ind","Aus",3,"Draw",-9.39862537384033,-6.73046255111694,-2.66816282272339,"Draw","1980-89",0,0,1,0,0
"123",277,1987,"Pak","WI",3,"Draw",6.12977981567383,43.4717788696289,-37.3419990539551,"Draw","1980-89",0,0,1,0,0
"124",278,1987,"Aus","Eng",5,"Eng",-6.81391334533691,-13.1885385513306,6.37462568283081,"Visitor","1980-89",0,0,1,0,0
"125",279,1987,"Ind","SL",3,"Ind",-6.43719816207886,-1.43258023262024,-5.00461769104004,"Home","1980-89",0,0,1,0,0
"126",280,1987,"Ind","Pak",5,"Pak",-0.769915699958801,12.226432800293,-12.9963483810425,"Visitor","1980-89",0,0,1,0,0
"127",281,1987,"NZ","WI",3,"Draw",19.4541721343994,37.4970588684082,-18.0428867340088,"Draw","1980-89",0,0,1,0,0
"128",283,1987,"Eng","Pak",5,"Pak",-9.12242889404297,12.9484624862671,-22.0708904266357,"Visitor","1980-89",0,0,1,0,0
"129",284,1988,"Ind","WI",4,"Draw",-1.38163542747498,35.0083847045898,-36.3900184631348,"Draw","1980-89",0,0,1,0,0
"130",285,1988,"Pak","Eng",3,"Pak",16.0451354980469,0.539189219474792,15.5059461593628,"Home","1980-89",0,0,1,0,0
"131",286,1988,"Aus","NZ",3,"Aus",-16.4402885437012,17.5043392181396,-33.9446258544922,"Home","1980-89",0,0,1,0,0
"132",288,1988,"NZ","Eng",3,"Draw",6.53789710998535,-0.970921874046326,7.50881862640381,"Draw","1980-89",0,0,1,0,0
"133",290,1988,"WI","Pak",3,"Draw",22.5118389129639,17.3324642181396,5.17937421798706,"Draw","1980-89",0,0,1,0,0
"134",291,1988,"Eng","WI",5,"WI",-0.100334197282791,21.6993885040283,-21.7997226715088,"Visitor","1980-89",0,0,1,0,0
"135",293,1989,"Pak","Aus",3,"Pak",17.9508972167969,-5.71003198623657,23.6609287261963,"Home","1980-89",0,0,1,0,0
"136",294,1989,"Ind","NZ",3,"Ind",9.87396907806396,1.57990646362305,8.29406261444092,"Home","1980-89",0,0,1,0,0
"137",295,1989,"Aus","WI",5,"WI",-0.912165760993958,24.2475128173828,-25.1596775054932,"Visitor","1980-89",0,0,1,0,0
"138",296,1989,"NZ","Pak",2,"Draw",-1.67978858947754,19.7791175842285,-21.4589061737061,"Draw","1980-89",0,0,1,0,0
"139",297,1989,"WI","Ind",4,"WI",24.2132949829102,12.9114122390747,11.3018827438354,"Home","1980-89",0,0,1,0,0
"140",298,1989,"Eng","Aus",6,"Aus",-8.79643154144287,-0.876681804656982,-7.91974973678589,"Visitor","1980-89",0,0,1,0,0
"141",299,1990,"Pak","Ind",4,"Draw",17.3947944641113,7.59694623947144,9.79784870147705,"Draw","1990-3.2002",0,0,0,1,0
"142",302,1990,"Aus","Pak",3,"Aus",8.6113166809082,15.1447420120239,-6.53342628479004,"Home","1990-3.2002",0,0,0,1,0
"143",303,1990,"NZ","Ind",3,"NZ",-0.708207905292511,10.5206060409546,-11.228814125061,"Home","1990-3.2002",0,0,0,1,0
"144",304,1990,"WI","Eng",4,"WI",27.3849697113037,-13.7701396942139,41.1551094055176,"Home","1990-3.2002",0,0,0,1,0
"145",306,1990,"Eng","NZ",3,"Eng",-9.92398548126221,9.96138286590576,-19.885368347168,"Home","1990-3.2002",0,0,0,1,0
"146",307,1990,"Eng","Ind",3,"Eng",-3.93926978111267,5.25096082687378,-9.19023036956787,"Home","1990-3.2002",0,0,0,1,0
"147",308,1991,"Pak","NZ",3,"Pak",10.6399669647217,2.32132005691528,8.31864738464355,"Home","1990-3.2002",0,0,0,1,0
"148",309,1991,"Pak","WI",3,"Draw",15.3111019134521,22.0764846801758,-6.76538276672363,"Draw","1990-3.2002",0,0,0,1,0
"149",311,1991,"Aus","Eng",5,"Aus",19.41162109375,4.59144830703735,14.8201732635498,"Home","1990-3.2002",0,0,0,1,0
"150",313,1991,"WI","Aus",5,"WI",20.84641456604,23.6032810211182,-2.75686573982239,"Home","1990-3.2002",0,0,0,1,0
"151",314,1991,"Eng","WI",5,"Draw",0.949515342712402,25.0086002349854,-24.0590858459473,"Draw","1990-3.2002",0,0,0,1,0
"152",316,1992,"Aus","Ind",5,"Aus",20.0173969268799,0.933241724967957,19.084156036377,"Home","1990-3.2002",0,0,0,1,0
"153",318,1992,"NZ","Eng",3,"Eng",-7.42998647689819,5.84575128555298,-13.2757377624512,"Visitor","1990-3.2002",0,0,0,1,0
"154",320,1992,"Eng","Pak",5,"Pak",9.43453121185303,20.9933242797852,-11.5587921142578,"Visitor","1990-3.2002",0,0,0,1,0
"155",321,1993,"SL","Aus",3,"Aus",-16.5224990844727,22.3977909088135,-38.9202880859375,"Visitor","1990-3.2002",0,0,0,1,0
"156",325,1993,"Aus","WI",5,"WI",25.5644435882568,19.3689575195312,6.19548654556274,"Visitor","1990-3.2002",0,0,0,1,0
"157",326,1993,"SL","NZ",2,"SL",-10.8888654708862,-4.36927032470703,-6.5195951461792,"Home","1990-3.2002",0,0,0,1,0
"158",328,1993,"Ind","Eng",3,"Ind",-14.2475566864014,15.2391300201416,-29.486686706543,"Home","1990-3.2002",0,0,0,1,0
"159",329,1993,"NZ","Aus",3,"Draw",-11.5703191757202,20.3881072998047,-31.9584274291992,"Draw","1990-3.2002",0,0,0,1,0
"160",332,1993,"WI","Pak",3,"WI",27.2074108123779,22.100305557251,5.10710477828979,"Home","1990-3.2002",0,0,0,1,0
"161",333,1993,"Eng","Aus",6,"Aus",1.44051337242126,16.1968383789062,-14.7563257217407,"Visitor","1990-3.2002",0,0,0,1,0
"162",334,1994,"SL","Ind",3,"Ind",0.257254630327225,1.67720580101013,-1.41995120048523,"Visitor","1990-3.2002",0,0,0,1,0
"163",336,1994,"Aus","NZ",3,"Aus",15.6013126373291,-7.1749529838562,22.7762660980225,"Home","1990-3.2002",0,0,0,1,0
"164",340,1994,"Ind","SL",3,"Ind",14.7047424316406,-4.73743486404419,19.4421768188477,"Home","1990-3.2002",0,0,0,1,0
"165",341,1994,"NZ","Pak",3,"Pak",-9.97947406768799,23.6259441375732,-33.6054191589355,"Visitor","1990-3.2002",0,0,0,1,0
"166",342,1994,"WI","Eng",5,"WI",34.2226905822754,-11.2939186096191,45.5166091918945,"Home","1990-3.2002",0,0,0,1,0
"167",343,1994,"SA","Aus",3,"Draw",13.7466478347778,15.5089359283447,-1.76228868961334,"Draw","1990-3.2002",0,0,0,1,0
"168",345,1994,"Eng","NZ",3,"Eng",-8.24307155609131,-7.49722766876221,-0.745843410491943,"Home","1990-3.2002",0,0,0,1,0
"169",346,1994,"Eng","SA",3,"Draw",-5.16894054412842,14.1494560241699,-19.3183975219727,"Draw","1990-3.2002",0,0,0,1,0
"170",347,1995,"SL","Pak",2,"Pak",-9.43863868713379,22.0613231658936,-31.4999618530273,"Visitor","1990-3.2002",0,0,0,1,0
"171",348,1995,"Pak","Aus",3,"Pak",24.8191184997559,16.1195888519287,8.69952869415283,"Home","1990-3.2002",0,0,0,1,0
"172",350,1995,"Ind","WI",3,"Draw",17.9432640075684,30.6003246307373,-12.6570596694946,"Draw","1990-3.2002",0,0,0,1,0
"173",351,1995,"Aus","Eng",5,"Aus",13.9093561172485,0.942860901355743,12.966495513916,"Home","1990-3.2002",0,0,0,1,0
"174",352,1995,"SA","NZ",3,"SA",10.916974067688,-12.6442594528198,23.5612335205078,"Home","1990-3.2002",0,0,0,1,0
"175",354,1995,"Zim","Pak",3,"Pak",-22.1632385253906,24.8850746154785,-47.0483131408691,"Visitor","1990-3.2002",0,0,0,1,0
"176",355,1995,"NZ","WI",2,"WI",-12.8791599273682,27.531946182251,-40.4111061096191,"Visitor","1990-3.2002",0,0,0,1,0
"177",357,1995,"NZ","SL",2,"SL",-12.9907655715942,-12.6879692077637,-0.302795708179474,"Visitor","1990-3.2002",0,0,0,1,0
"178",358,1995,"WI","Aus",4,"Aus",26.5063056945801,15.943187713623,10.5631170272827,"Visitor","1990-3.2002",0,0,0,1,0
"179",359,1995,"Eng","WI",6,"Draw",-1.38620448112488,20.2689342498779,-21.6551380157471,"Draw","1990-3.2002",0,0,0,1,0
"180",360,1996,"Pak","SL",3,"SL",22.7032566070557,-9.27101707458496,31.9742736816406,"Visitor","1990-3.2002",0,0,0,1,0
"181",362,1996,"Ind","NZ",3,"Ind",26.0441360473633,-14.8708353042603,40.9149703979492,"Home","1990-3.2002",0,0,0,1,0
"182",363,1996,"Aus","Pak",3,"Aus",18.4943351745605,11.2849254608154,7.20941066741943,"Home","1990-3.2002",0,0,0,1,0
"183",364,1996,"SA","Eng",5,"SA",18.1351718902588,-1.87048065662384,20.0056533813477,"Home","1990-3.2002",0,0,0,1,0
"184",366,1996,"Aus","SL",3,"Aus",20.498908996582,3.36669898033142,17.132209777832,"Home","1990-3.2002",0,0,0,1,0
"185",367,1996,"NZ","Zim",2,"Draw",-13.675464630127,-19.1401901245117,5.46472644805908,"Draw","1990-3.2002",0,0,0,1,0
"186",368,1996,"WI","NZ",2,"WI",14.7665605545044,-14.2043085098267,28.9708690643311,"Home","1990-3.2002",0,0,0,1,0
"187",369,1996,"Eng","Ind",3,"Eng",-1.24442076683044,22.7108020782471,-23.9552230834961,"Home","1990-3.2002",0,0,0,1,0
"188",370,1996,"Eng","Pak",3,"Pak",4.19504833221436,9.64507484436035,-5.45002603530884,"Visitor","1990-3.2002",0,0,0,1,0
"189",371,1997,"SL","Zim",2,"SL",-1.2463241815567,-18.1466045379639,16.9002799987793,"Home","1990-3.2002",0,0,0,1,0
"190",373,1997,"Pak","Zim",2,"Pak",12.5869941711426,-23.6507301330566,36.2377243041992,"Home","1990-3.2002",0,0,0,1,0
"191",374,1997,"Ind","SA",3,"Ind",13.9953374862671,16.8961868286133,-2.90085053443909,"Home","1990-3.2002",0,0,0,1,0
"192",375,1997,"Pak","NZ",2,"Draw",12.2518720626831,-16.5875816345215,28.8394546508789,"Draw","1990-3.2002",0,0,0,1,0
"193",376,1997,"Aus","WI",5,"Aus",26.6640110015869,10.3364267349243,16.3275833129883,"Home","1990-3.2002",0,0,0,1,0
"194",377,1997,"Zim","Eng",2,"Draw",-23.1061573028564,7.28460264205933,-30.3907604217529,"Draw","1990-3.2002",0,0,0,1,0
"195",378,1997,"SA","Ind",3,"SA",11.8233060836792,19.7185878753662,-7.89528274536133,"Home","1990-3.2002",0,0,0,1,0
"196",379,1997,"NZ","Eng",3,"Eng",-13.259952545166,4.29534769058228,-17.5552997589111,"Visitor","1990-3.2002",0,0,0,1,0
"197",380,1997,"SA","Aus",3,"Aus",18.8071956634521,26.7353973388672,-7.92820167541504,"Visitor","1990-3.2002",0,0,0,1,0
"198",381,1997,"WI","Ind",5,"WI",10.2439498901367,11.9917316436768,-1.74778199195862,"Home","1990-3.2002",0,0,0,1,0
"199",382,1997,"NZ","SL",2,"NZ",-15.9192457199097,0.287145465612411,-16.2063903808594,"Home","1990-3.2002",0,0,0,1,0
"200",383,1997,"SL","Pak",2,"Draw",-7.50184154510498,9.26848030090332,-16.7703227996826,"Draw","1990-3.2002",0,0,0,1,0
"201",384,1997,"WI","SL",2,"WI",14.1899032592773,-5.73654460906982,19.9264469146729,"Home","1990-3.2002",0,0,0,1,0
"202",385,1997,"Eng","Aus",6,"Aus",6.6077766418457,28.8365421295166,-22.2287654876709,"Visitor","1990-3.2002",0,0,0,1,0
"203",386,1998,"SL","Ind",2,"Draw",-7.01339101791382,8.24641990661621,-15.2598114013672,"Draw","1990-3.2002",0,0,0,1,0
"204",387,1998,"Zim","NZ",2,"Draw",-18.3536319732666,-6.98812341690063,-11.3655090332031,"Draw","1990-3.2002",0,0,0,1,0
"205",388,1998,"Pak","SA",3,"SA",5.61520624160767,18.0893096923828,-12.4741039276123,"Visitor","1990-3.2002",0,0,0,1,0
"206",389,1998,"Aus","NZ",3,"Aus",27.6608600616455,-8.40881156921387,36.0696716308594,"Home","1990-3.2002",0,0,0,1,0
"207",390,1998,"Pak","WI",3,"Pak",3.65035963058472,15.2157335281372,-11.5653734207153,"Home","1990-3.2002",0,0,0,1,0
"208",391,1998,"Ind","SL",3,"Draw",4.8288106918335,-3.41970705986023,8.2485179901123,"Draw","1990-3.2002",0,0,0,1,0
"209",392,1998,"Aus","SA",3,"Aus",27.8316459655762,20.3161354064941,7.51550960540771,"Home","1990-3.2002",0,0,0,1,0
"210",393,1998,"SL","Zim",2,"SL",-2.24134731292725,-16.4593811035156,14.2180337905884,"Home","1990-3.2002",0,0,0,1,0
"211",394,1998,"WI","Eng",6,"WI",7.00701665878296,7.6830587387085,-0.676042020320892,"Home","1990-3.2002",0,0,0,1,0
"212",395,1998,"SA","Pak",3,"Draw",17.6769676208496,11.9982070922852,5.67876100540161,"Draw","1990-3.2002",0,0,0,1,0
"213",396,1998,"NZ","Zim",2,"NZ",-8.61314487457275,-21.5710906982422,12.9579458236694,"Home","1990-3.2002",0,0,0,1,0
"214",397,1998,"Ind","Aus",3,"Ind",3.65045118331909,29.6966590881348,-26.0462074279785,"Home","1990-3.2002",0,0,0,1,0
"215",398,1998,"Zim","Pak",2,"Pak",-26.2013473510742,12.6762676239014,-38.8776168823242,"Visitor","1990-3.2002",0,0,0,1,0
"216",399,1998,"SA","SL",2,"SA",16.9322128295898,1.22142350673676,15.7107887268066,"Home","1990-3.2002",0,0,0,1,0
"217",400,1998,"SL","NZ",3,"SL",-1.80409502983093,-5.02842950820923,3.2243344783783,"Home","1990-3.2002",0,0,0,1,0
"218",401,1998,"Eng","SA",5,"Eng",3.19806480407715,20.0028877258301,-16.8048229217529,"Home","1990-3.2002",0,0,0,1,0
"219",403,1999,"Pak","Aus",3,"Aus",12.220573425293,24.7765426635742,-12.5559682846069,"Visitor","1990-3.2002",0,0,0,1,0
"220",405,1999,"Aus","Eng",5,"Aus",26.2722911834717,6.37216234207153,19.9001274108887,"Home","1990-3.2002",0,0,0,1,0
"221",406,1999,"SA","WI",5,"SA",13.4718837738037,10.2219400405884,3.24994421005249,"Home","1990-3.2002",0,0,0,1,0
"222",407,1999,"Pak","Zim",2,"Zim",10.7777452468872,-25.1403636932373,35.9181098937988,"Visitor","1990-3.2002",0,0,0,1,0
"223",408,1999,"NZ","Ind",2,"NZ",-6.77347850799561,5.40570974349976,-12.1791887283325,"Home","1990-3.2002",0,0,0,1,0
"224",409,1999,"Ind","Pak",2,"Draw",0.253348827362061,4.48216009140015,-4.22881126403809,"Draw","1990-3.2002",0,0,0,1,0
"225",412,1999,"Pak","SL",2,"Pak",5.3879656791687,5.28159523010254,0.106370143592358,"Home","1990-3.2002",0,0,0,1,0
"226",413,1999,"NZ","SA",3,"SA",-1.80847609043121,21.1568241119385,-22.9653015136719,"Visitor","1990-3.2002",0,0,0,1,0
"227",414,1999,"WI","Aus",4,"Draw",-0.566534459590912,27.1465549468994,-27.7130889892578,"Draw","1990-3.2002",0,0,0,1,0
"228",415,1999,"Eng","NZ",4,"NZ",5.4721851348877,-2.06685066223145,7.53903579711914,"Visitor","1990-3.2002",0,0,0,1,0
"229",416,2000,"SL","Aus",3,"SL",2.16656756401062,23.6824188232422,-21.5158500671387,"Home","1990-3.2002",0,0,0,1,0
"230",417,2000,"Ind","NZ",3,"Ind",-3.72013330459595,8.22629261016846,-11.9464263916016,"Home","1990-3.2002",0,0,0,1,0
"231",420,2000,"Aus","Pak",3,"Aus",17.5066013336182,5.07788753509521,12.4287147521973,"Home","1990-3.2002",0,0,0,1,0
"232",422,2000,"Zim","SL",3,"SL",-11.134087562561,5.90858507156372,-17.0426731109619,"Visitor","1990-3.2002",0,0,0,1,0
"233",423,2000,"SA","Eng",5,"SA",26.5789451599121,-0.126979723572731,26.705924987793,"Home","1990-3.2002",0,0,0,1,0
"234",424,2000,"Aus","Ind",3,"Aus",21.3600673675537,1.96393215656281,19.3961353302002,"Home","1990-3.2002",0,0,0,1,0
"235",425,2000,"NZ","WI",2,"NZ",2.94823169708252,3.46324634552002,-0.515014588832855,"Home","1990-3.2002",0,0,0,1,0
"236",426,2000,"Ind","SA",2,"SA",-2.11658310890198,24.8329887390137,-26.9495716094971,"Visitor","1990-3.2002",0,0,0,1,0
"237",427,2000,"Pak","SL",3,"SL",0.0683829113841057,7.08744859695435,-7.01906538009644,"Visitor","1990-3.2002",0,0,0,1,0
"238",428,2000,"NZ","Aus",3,"Aus",7.83678150177002,24.206937789917,-16.3701572418213,"Visitor","1990-3.2002",0,0,0,1,0
"239",429,2000,"WI","Zim",2,"WI",-2.14953303337097,-12.6145210266113,10.4649877548218,"Home","1990-3.2002",0,0,0,1,0
"240",430,2000,"WI","Pak",3,"WI",1.80396819114685,-2.04702115058899,3.85098934173584,"Home","1990-3.2002",0,0,0,1,0
"241",431,2000,"Eng","Zim",2,"Eng",1.81610262393951,-17.4555435180664,19.2716445922852,"Home","1990-3.2002",0,0,0,1,0
"242",432,2000,"Eng","WI",5,"Eng",3.05683994293213,4.29208707809448,-1.23524725437164,"Home","1990-3.2002",0,0,0,1,0
"243",433,2001,"SL","Pak",3,"Pak",9.40756893157959,-4.27323293685913,13.6808013916016,"Visitor","1990-3.2002",0,0,0,1,0
"244",434,2001,"SL","SA",3,"Draw",8.6219425201416,25.5638046264648,-16.9418621063232,"Draw","1990-3.2002",0,0,0,1,0
"245",435,2001,"Zim","NZ",2,"NZ",-24.805290222168,-0.0722464844584465,-24.7330436706543,"Visitor","1990-3.2002",0,0,0,1,0
"246",437,2001,"Pak","Eng",3,"Eng",1.68429529666901,9.68314838409424,-7.99885272979736,"Visitor","1990-3.2002",0,0,0,1,0
"247",438,2001,"SA","NZ",3,"SA",23.3419208526611,2.73519325256348,20.6067276000977,"Home","1990-3.2002",0,0,0,1,0
"248",439,2001,"Ind","Zim",2,"Ind",-1.2996838092804,-27.963659286499,26.6639747619629,"Home","1990-3.2002",0,0,0,1,0
"249",440,2001,"Aus","WI",5,"Aus",28.9712924957275,-3.75453519821167,32.7258262634277,"Home","1990-3.2002",0,0,0,1,0
"250",442,2001,"SA","SL",3,"SA",25.3005619049072,10.8079891204834,14.4925727844238,"Home","1990-3.2002",0,0,0,1,0
"251",443,2001,"SL","Eng",3,"Eng",8.17856884002686,11.8420238494873,-3.66345548629761,"Visitor","1990-3.2002",0,0,0,1,0
"252",444,2001,"NZ","Pak",3,"Draw",-0.35896247625351,-0.286852121353149,-0.0721103549003601,"Draw","1990-3.2002",0,0,0,1,0
"253",445,2001,"Ind","Aus",3,"Ind",-0.499360859394073,31.8108825683594,-32.3102416992188,"Home","1990-3.2002",0,0,0,1,0
"254",446,2001,"WI","SA",5,"SA",-6.89529371261597,27.6909427642822,-34.586238861084,"Visitor","1990-3.2002",0,0,0,1,0
"255",448,2001,"Eng","Pak",2,"Draw",14.2461414337158,-0.294344127178192,14.5404863357544,"Draw","1990-3.2002",0,0,0,1,0
"256",449,2001,"Zim","Ind",2,"Draw",-20.1442413330078,7.4055004119873,-27.5497398376465,"Draw","1990-3.2002",0,0,0,1,0
"257",450,2001,"Eng","Aus",5,"Aus",13.1131172180176,26.1506118774414,-13.0374946594238,"Visitor","1990-3.2002",0,0,0,1,0
"258",451,2001,"Zim","WI",2,"WI",-17.7133808135986,-4.13843679428101,-13.5749444961548,"Visitor","1990-3.2002",0,0,0,1,0
"259",452,2001,"SL","Ind",3,"SL",5.99020481109619,4.82271194458008,1.1674929857254,"Home","1990-3.2002",0,0,0,1,0
"260",455,2002,"Zim","SA",2,"SA",-12.3452911376953,29.3289604187012,-41.6742515563965,"Visitor","1990-3.2002",0,0,0,1,0
"261",456,2002,"SA","Ind",2,"SA",28.6940383911133,0.593263506889343,28.1007747650146,"Home","1990-3.2002",0,0,0,1,0
"262",457,2002,"Aus","NZ",3,"Draw",28.9524726867676,3.16471767425537,25.7877540588379,"Draw","1990-3.2002",0,0,0,1,0
"263",459,2002,"SL","WI",3,"SL",4.68680620193481,-3.13360166549683,7.82040786743164,"Home","1990-3.2002",0,0,0,1,0
"264",460,2002,"Ind","Eng",3,"Ind",0.0326322987675667,9.51838779449463,-9.48575496673584,"Home","1990-3.2002",0,0,0,1,0
"265",461,2002,"Aus","SA",3,"Aus",26.0871658325195,29.1490440368652,-3.06187772750854,"Home","1990-3.2002",0,0,0,1,0
"266",463,2002,"SL","Zim",3,"SL",9.79948425292969,-7.19657373428345,16.996057510376,"Home","1990-3.2002",0,0,0,1,0
"267",465,2002,"Pak","WI",2,"Pak",3.21157360076904,-8.32493591308594,11.536509513855,"Home","1990-3.2002",0,0,0,1,0
"268",466,2002,"Ind","Zim",2,"Ind",4.3433518409729,-11.023118019104,15.3664693832397,"Home","1990-3.2002",0,0,0,1,0
"269",467,2002,"SA","Aus",3,"Aus",23.6361217498779,31.3933544158936,-7.75723266601562,"Visitor","1990-3.2002",0,0,0,1,0
"270",469,2002,"NZ","Eng",3,"Draw",11.1534671783447,5.4612398147583,5.69222784042358,"Draw","1990-3.2002",0,0,0,1,0
"271",470,2002,"WI","Ind",5,"WI",-11.5753717422485,7.31194019317627,-18.8873119354248,"Home","4.2002-",0,0,0,0,1
"272",472,2002,"Eng","SL",3,"Eng",6.06042146682739,14.5027666091919,-8.44234466552734,"Home","4.2002-",0,0,0,0,1
"273",473,2002,"WI","NZ",2,"NZ",-6.43503761291504,8.93903636932373,-15.3740739822388,"Visitor","4.2002-",0,0,0,0,1
"274",475,2002,"Eng","Ind",4,"Draw",10.4358825683594,2.1089186668396,8.32696437835693,"Draw","4.2002-",0,0,0,0,1
"275",476,2003,"Pak","Aus",3,"Aus",6.80152750015259,32.960880279541,-26.159351348877,"Visitor","4.2002-",0,0,0,0,1
"276",477,2003,"Ind","WI",3,"Ind",5.10811853408813,-9.26779747009277,14.3759164810181,"Home","4.2002-",0,0,0,0,1
"277",479,2003,"Aus","Eng",5,"Aus",39.4851226806641,12.1959362030029,27.2891845703125,"Home","4.2002-",0,0,0,0,1
"278",480,2003,"SA","SL",2,"SA",17.9653930664062,16.7138328552246,1.25156044960022,"Home","4.2002-",0,0,0,0,1
"279",481,2003,"Zim","Pak",2,"Pak",-18.7690391540527,3.93134570121765,-22.7003860473633,"Visitor","4.2002-",0,0,0,0,1
"280",483,2003,"NZ","Ind",2,"NZ",10.9199304580688,7.54223251342773,3.37769794464111,"Home","4.2002-",0,0,0,0,1
"281",484,2003,"SA","Pak",2,"SA",22.2043895721436,6.7075777053833,15.4968109130859,"Home","4.2002-",0,0,0,0,1
"282",485,2003,"WI","Aus",4,"Aus",-11.0941076278687,40.4270668029785,-51.5211753845215,"Visitor","4.2002-",0,0,0,0,1
"283",487,2003,"SL","NZ",2,"Draw",12.651463508606,15.6611814498901,-3.0097177028656,"Draw","4.2002-",0,0,0,0,1
"284",488,2003,"Eng","Zim",2,"Eng",11.2660675048828,-21.4542484283447,32.7203140258789,"Home","4.2002-",0,0,0,0,1
"285",489,2003,"WI","SL",2,"WI",-9.94468212127686,12.8829803466797,-22.8276634216309,"Home","4.2002-",0,0,0,0,1
"286",491,2003,"Eng","SA",5,"Draw",12.5003299713135,25.7053852081299,-13.2050542831421,"Draw","4.2002-",0,0,0,0,1
"287",493,2004,"Ind","NZ",2,"Draw",4.1308445930481,15.3833608627319,-11.252516746521,"Draw","4.2002-",0,0,0,0,1
"288",494,2004,"Aus","Zim",2,"Aus",40.2914619445801,-22.3751850128174,62.6666450500488,"Home","4.2002-",0,0,0,0,1
"289",495,2004,"Pak","SA",2,"Pak",7.61258268356323,26.6084690093994,-18.995885848999,"Home","4.2002-",0,0,0,0,1
"290",497,2004,"Zim","WI",2,"WI",-23.6517810821533,-4.39531564712524,-19.2564659118652,"Visitor","4.2002-",0,0,0,0,1
"291",498,2004,"SL","Eng",3,"SL",-0.0922513008117676,15.1123418807983,-15.2045927047729,"Home","4.2002-",0,0,0,0,1
"292",499,2004,"Aus","Ind",4,"Draw",41.1486053466797,6.50663423538208,34.6419715881348,"Draw","4.2002-",0,0,0,0,1
"293",500,2004,"SA","WI",4,"SA",22.3655586242676,-3.13470053672791,25.5002593994141,"Home","4.2002-",0,0,0,0,1
"294",501,2004,"NZ","Pak",2,"Pak",16.8601512908936,13.0259504318237,3.83420038223267,"Visitor","4.2002-",0,0,0,0,1
"295",503,2004,"SL","Aus",3,"Aus",5.01309394836426,36.818359375,-31.8052635192871,"Visitor","4.2002-",0,0,0,0,1
"296",504,2004,"NZ","SA",3,"Draw",12.4874992370605,24.0917186737061,-11.6042194366455,"Draw","4.2002-",0,0,0,0,1
"297",505,2004,"WI","Eng",4,"Eng",-5.01778364181519,10.9887933731079,-16.0065784454346,"Visitor","4.2002-",0,0,0,0,1
"298",506,2004,"Pak","Ind",3,"Ind",16.5104064941406,11.7554178237915,4.75498867034912,"Visitor","4.2002-",0,0,0,0,1
"299",507,2004,"Zim","SL",2,"SL",-25.9233551025391,2.96298289299011,-28.8863372802734,"Visitor","4.2002-",0,0,0,0,1
"300",508,2004,"Eng","NZ",3,"Eng",13.7153186798096,14.0609531402588,-0.345633804798126,"Home","4.2002-",0,0,0,0,1
"301",510,2004,"Aus","SL",2,"Aus",38.4724235534668,4.60820341110229,33.8642234802246,"Home","4.2002-",0,0,0,0,1
"302",511,2004,"Eng","WI",4,"Eng",17.9107894897461,-8.20575618743896,26.1165447235107,"Home","4.2002-",0,0,0,0,1
"303",512,2004,"SL","SA",2,"SL",4.64658069610596,23.0826568603516,-18.4360752105713,"Home","4.2002-",0,0,0,0,1
"304",513,2005,"Ind","Aus",4,"Aus",14.9721727371216,38.4385375976562,-23.466365814209,"Visitor","4.2002-",0,0,0,0,1
"305",515,2005,"Pak","SL",2,"Draw",18.2977600097656,15.8348827362061,2.46287679672241,"Draw","4.2002-",0,0,0,0,1
"306",516,2005,"Aus","NZ",2,"Aus",38.6920051574707,8.02229595184326,30.6697082519531,"Home","4.2002-",0,0,0,0,1
"307",517,2005,"Ind","SA",2,"Ind",18.3831768035889,14.0805788040161,4.3025975227356,"Home","4.2002-",0,0,0,0,1
"308",519,2005,"Aus","Pak",3,"Aus",40.2180786132812,17.9961833953857,22.2218971252441,"Home","4.2002-",0,0,0,0,1
"309",520,2005,"SA","Eng",5,"Eng",11.5190439224243,22.5016994476318,-10.9826555252075,"Visitor","4.2002-",0,0,0,0,1
"310",522,2005,"SA","Zim",2,"SA",10.6664419174194,-39.8303489685059,50.4967918395996,"Home","4.2002-",0,0,0,0,1
"311",523,2005,"Ind","Pak",3,"Draw",21.7555236816406,14.0975017547607,7.65802097320557,"Draw","4.2002-",0,0,0,0,1
"312",524,2005,"NZ","Aus",3,"Aus",6.12095642089844,42.8636131286621,-36.7426567077637,"Visitor","4.2002-",0,0,0,0,1
"313",525,2005,"WI","SA",4,"SA",-14.6418027877808,11.3641166687012,-26.0059185028076,"Visitor","4.2002-",0,0,0,0,1
"314",526,2005,"NZ","SL",2,"NZ",6.03314828872681,16.058780670166,-10.0256328582764,"Home","4.2002-",0,0,0,0,1
"315",528,2005,"WI","Pak",2,"Draw",-15.1230173110962,15.0400276184082,-30.1630439758301,"Draw","4.2002-",0,0,0,0,1
"316",529,2005,"SL","WI",2,"SL",12.4455337524414,-13.0895528793335,25.5350875854492,"Home","4.2002-",0,0,0,0,1
"317",530,2005,"Eng","Aus",5,"Eng",23.9469909667969,42.9294700622559,-18.982479095459,"Home","4.2002-",0,0,0,0,1
"318",531,2005,"Zim","NZ",2,"NZ",-40.921257019043,9.50186538696289,-50.4231224060059,"Visitor","4.2002-",0,0,0,0,1
"319",533,2006,"Zim","Ind",2,"Ind",-52.617504119873,24.1008262634277,-76.7183303833008,"Visitor","4.2002-",0,0,0,0,1
"320",534,2006,"Aus","WI",3,"Aus",38.9063758850098,-12.6105375289917,51.5169143676758,"Home","4.2002-",0,0,0,0,1
"321",535,2006,"Pak","Eng",3,"Pak",7.18707275390625,32.46142578125,-25.2743530273438,"Home","4.2002-",0,0,0,0,1
"322",536,2006,"Ind","SL",3,"Ind",25.1917362213135,9.98153018951416,15.210205078125,"Home","4.2002-",0,0,0,0,1
"323",537,2006,"Aus","SA",3,"Aus",39.8475532531738,14.3306455612183,25.5169086456299,"Home","4.2002-",0,0,0,0,1
"324",538,2006,"Pak","Ind",3,"Pak",15.5569868087769,28.0221862792969,-12.4651985168457,"Home","4.2002-",0,0,0,0,1
"325",540,2006,"Ind","Eng",3,"Draw",23.8007545471191,25.6750087738037,-1.87425422668457,"Draw","4.2002-",0,0,0,0,1
"326",541,2006,"NZ","WI",3,"NZ",11.6017837524414,-13.8226585388184,25.4244422912598,"Home","4.2002-",0,0,0,0,1
"327",542,2006,"SA","Aus",3,"Aus",13.0524492263794,40.8783569335938,-27.8259086608887,"Visitor","4.2002-",0,0,0,0,1
"328",543,2006,"SL","Pak",2,"Pak",7.84457540512085,19.964656829834,-12.1200819015503,"Visitor","4.2002-",0,0,0,0,1
"329",545,2006,"SA","NZ",3,"SA",10.915186882019,13.2118587493896,-2.29667115211487,"Home","4.2002-",0,0,0,0,1
"330",546,2006,"Eng","SL",3,"Draw",25.4921550750732,6.02629661560059,19.4658584594727,"Draw","4.2002-",0,0,0,0,1
"331",547,2006,"WI","Ind",4,"Ind",-15.1281242370605,23.9905529022217,-39.1186752319336,"Visitor","4.2002-",0,0,0,0,1
"332",548,2006,"Eng","Pak",4,"Eng",23.7618560791016,21.6846504211426,2.07720589637756,"Home","4.2002-",0,0,0,0,1
"333",549,2006,"SL","SA",2,"SL",8.02279472351074,14.4137954711914,-6.39100074768066,"Home","4.2002-",0,0,0,0,1
"334",550,2007,"Pak","WI",3,"Pak",17.1700325012207,-12.8520908355713,30.022123336792,"Home","4.2002-",0,0,0,0,1
"335",551,2007,"Aus","Eng",5,"Aus",44.5147285461426,26.4579677581787,18.0567626953125,"Home","4.2002-",0,0,0,0,1
"336",552,2007,"NZ","SL",2,"Draw",2.70533347129822,16.7801666259766,-14.0748338699341,"Draw","4.2002-",0,0,0,0,1
"337",553,2007,"SA","Ind",3,"SA",4.83295059204102,23.3526153564453,-18.5196647644043,"Home","4.2002-",0,0,0,0,1
"338",554,2007,"SA","Pak",3,"SA",9.80662631988525,24.8936824798584,-15.0870561599731,"Home","4.2002-",0,0,0,0,1
"339",555,2007,"Eng","WI",4,"Eng",21.7833480834961,-16.3558120727539,38.13916015625,"Home","4.2002-",0,0,0,0,1
"340",558,2007,"Eng","Ind",3,"Ind",21.9856128692627,18.2166900634766,3.7689220905304,"Visitor","4.2002-",0,0,0,0,1
"341",559,2008,"Pak","SA",2,"SA",20.4395656585693,13.918119430542,6.52144575119019,"Visitor","4.2002-",0,0,0,0,1
"342",560,2008,"Aus","SL",2,"Aus",52.4415512084961,14.7532253265381,37.6883239746094,"Home","4.2002-",0,0,0,0,1
"343",561,2008,"SA","NZ",2,"SA",23.8403205871582,11.1352567672729,12.7050638198853,"Home","4.2002-",0,0,0,0,1
"344",562,2008,"Ind","Pak",3,"Ind",18.4558963775635,10.4510087966919,8.0048885345459,"Home","4.2002-",0,0,0,0,1
"345",563,2008,"SL","Eng",3,"SL",13.2456731796265,16.9259262084961,-3.68025374412537,"Home","4.2002-",0,0,0,0,1
"346",564,2008,"Aus","Ind",4,"Aus",53.7846412658691,20.5476036071777,33.2370376586914,"Home","4.2002-",0,0,0,0,1
"347",565,2008,"SA","WI",3,"SA",27.5698127746582,-16.1812210083008,43.751033782959,"Home","4.2002-",0,0,0,0,1
"348",568,2008,"NZ","Eng",3,"Eng",6.34800481796265,13.6481828689575,-7.30017805099487,"Visitor","4.2002-",0,0,0,0,1
"349",569,2008,"WI","SL",2,"Draw",-13.7812204360962,17.2709712982178,-31.0521926879883,"Draw","4.2002-",0,0,0,0,1
"350",570,2008,"Ind","SA",3,"Draw",22.3125419616699,26.6159191131592,-4.3033766746521,"Draw","4.2002-",0,0,0,0,1
"351",571,2008,"Eng","NZ",3,"Eng",15.4635496139526,3.51603364944458,11.9475164413452,"Home","4.2002-",0,0,0,0,1
"352",572,2008,"WI","Aus",3,"Aus",-10.4541997909546,51.7481727600098,-62.2023735046387,"Visitor","4.2002-",0,0,0,0,1
"353",573,2008,"Eng","SA",4,"SA",17.8405246734619,26.1960773468018,-8.35555171966553,"Visitor","4.2002-",0,0,0,0,1
"354",574,2008,"SL","Ind",3,"SL",14.3136196136475,22.7273254394531,-8.41370487213135,"Home","4.2002-",0,0,0,0,1
"355",575,2009,"Ind","Aus",4,"Ind",19.7898559570312,51.4742012023926,-31.6843452453613,"Home","4.2002-",0,0,0,0,1
"356",578,2009,"Aus","NZ",2,"Aus",42.8670768737793,-8.47445297241211,51.3415298461914,"Home","4.2002-",0,0,0,0,1
"357",579,2009,"NZ","WI",2,"Draw",-9.65092372894287,-7.18052101135254,-2.47040271759033,"Draw","4.2002-",0,0,0,0,1
"358",580,2009,"Ind","Eng",2,"Ind",27.8473949432373,13.8105192184448,14.0368747711182,"Home","4.2002-",0,0,0,0,1
"359",581,2009,"Aus","SA",3,"SA",43.8506813049316,30.7405490875244,13.1101331710815,"Visitor","4.2002-",0,0,0,0,1
"360",583,2009,"WI","Eng",5,"WI",-7.47696924209595,12.2024812698364,-19.6794509887695,"Home","4.2002-",0,0,0,0,1
"361",584,2009,"Pak","SL",2,"Draw",10.6118812561035,20.7891979217529,-10.1773166656494,"Draw","4.2002-",0,0,0,0,1
"362",585,2009,"SA","Aus",3,"Aus",34.5045127868652,39.4321174621582,-4.92760324478149,"Visitor","4.2002-",0,0,0,0,1
"363",586,2009,"NZ","Ind",3,"Ind",-9.39088153839111,29.276762008667,-38.6676445007324,"Visitor","4.2002-",0,0,0,0,1
"364",587,2009,"Eng","WI",2,"Eng",7.01017904281616,-0.442236810922623,7.45241594314575,"Home","4.2002-",0,0,0,0,1
"365",588,2009,"SL","Pak",3,"SL",19.8777961730957,11.9996967315674,7.87809944152832,"Home","4.2002-",0,0,0,0,1
"366",589,2009,"Eng","Aus",5,"Eng",9.84668445587158,41.5175590515137,-31.6708755493164,"Home","4.2002-",0,0,0,0,1
"367",591,2009,"SL","NZ",2,"SL",23.0374660491943,-7.70870971679688,30.7461757659912,"Home","4.2002-",0,0,0,0,1
"368",592,2010,"Ind","SL",3,"Ind",28.048210144043,24.4636745452881,3.58453416824341,"Home","4.2002-",0,0,0,0,1
"369",593,2010,"NZ","Pak",3,"Draw",-9.8762788772583,-2.1671154499054,-7.70916318893433,"Draw","4.2002-",0,0,0,0,1
"370",594,2010,"Aus","WI",3,"Aus",27.5477409362793,-13.8345041275024,41.3822441101074,"Home","4.2002-",0,0,0,0,1
"371",595,2010,"SA","Eng",4,"Draw",39.9929084777832,14.7722549438477,25.2206535339355,"Draw","4.2002-",0,0,0,0,1
"372",596,2010,"Aus","Pak",3,"Aus",27.2620258331299,-3.83396148681641,31.0959873199463,"Home","4.2002-",0,0,0,0,1
"373",598,2010,"SA","Ind",2,"Draw",35.9250602722168,38.1764030456543,-2.2513415813446,"Draw","4.2002-",0,0,0,0,1
"374",601,2010,"NZ","Aus",2,"Aus",-8.45530796051025,29.2008991241455,-37.6562080383301,"Visitor","4.2002-",0,0,0,0,1
"375",603,2010,"WI","SA",3,"SA",-13.4896764755249,36.123706817627,-49.6133842468262,"Visitor","4.2002-",0,0,0,0,1
"376",604,2010,"Pak","Aus",2,"Draw",-7.19467449188232,30.0825996398926,-37.2772750854492,"Draw","4.2002-",0,0,0,0,1
"377",605,2010,"SL","Ind",3,"Draw",22.75954246521,37.9887924194336,-15.2292470932007,"Draw","4.2002-",0,0,0,0,1
"378",606,2010,"Eng","Pak",4,"Eng",19.386625289917,-2.80911302566528,22.1957378387451,"Home","4.2002-",0,0,0,0,1
"379",607,2011,"Ind","Aus",2,"Ind",36.4658660888672,27.597448348999,8.86841869354248,"Home","4.2002-",0,0,0,0,1
"380",608,2011,"Ind","NZ",3,"Ind",41.7176055908203,-10.6629581451416,52.3805618286133,"Home","4.2002-",0,0,0,0,1
"381",609,2011,"Pak","SA",2,"Draw",-6.06729221343994,32.9742012023926,-39.0414962768555,"Draw","4.2002-",0,0,0,0,1
"382",610,2011,"SL","WI",3,"Draw",23.2329082489014,-10.2528305053711,33.4857368469238,"Draw","4.2002-",0,0,0,0,1
"383",611,2011,"Aus","Eng",5,"Eng",23.7677478790283,24.2099990844727,-0.4422527551651,"Visitor","4.2002-",0,0,0,0,1
"384",612,2011,"SA","Ind",3,"Draw",29.2559642791748,40.0274658203125,-10.7714986801147,"Draw","4.2002-",0,0,0,0,1
"385",613,2011,"NZ","Pak",2,"Pak",-8.44073581695557,-1.56250441074371,-6.87823152542114,"Visitor","4.2002-",0,0,0,0,1
"386",614,2011,"WI","Pak",2,"Draw",-4.89511203765869,1.17423021793365,-6.06934213638306,"Draw","4.2002-",0,0,0,0,1
"387",615,2011,"Eng","SL",3,"Eng",27.9402904510498,17.9802436828613,9.96004676818848,"Home","4.2002-",0,0,0,0,1
"388",616,2011,"WI","Ind",3,"Ind",-4.24482536315918,38.9366798400879,-43.1815032958984,"Visitor","4.2002-",0,0,0,0,1
"389",617,2011,"Eng","Ind",4,"Eng",29.3232746124268,37.5573692321777,-8.23409461975098,"Home","4.2002-",0,0,0,0,1
